repo,src,alt,count
turbot/steampipe-plugin-oci,https://avatars.githubusercontent.com/u/59417312?v=4,anisadas,1
turbot/steampipe-plugin-oci,https://avatars.githubusercontent.com/u/78197905?v=4,bigdatasourav,59
turbot/steampipe-plugin-oci,https://avatars.githubusercontent.com/u/45350738?v=4,c0d3r-arnab,13
turbot/steampipe-plugin-oci,https://avatars.githubusercontent.com/u/12363488?v=4,cbruno10,27
turbot/steampipe-plugin-oci,https://avatars.githubusercontent.com/u/54130?v=4,dboeke,1
turbot/steampipe-plugin-oci,https://avatars.githubusercontent.com/u/16674560?v=4,karanpopat,6
turbot/steampipe-plugin-oci,https://avatars.githubusercontent.com/u/46913995?v=4,khushboo9024,15
turbot/steampipe-plugin-oci,https://avatars.githubusercontent.com/u/37527306?v=4,LalitTurbot,9
turbot/steampipe-plugin-oci,https://avatars.githubusercontent.com/u/47312748?v=4,misraved,12
turbot/steampipe-plugin-oci,https://avatars.githubusercontent.com/u/47887552?v=4,ParthaI,9
turbot/steampipe-plugin-oci,https://avatars.githubusercontent.com/u/39396993?v=4,Priyanka585464,1
turbot/steampipe-plugin-oci,https://avatars.githubusercontent.com/u/46851617?v=4,rajeshbal65,18
turbot/steampipe-plugin-oci,https://avatars.githubusercontent.com/u/26873346?v=4,rajlearner17,2
turbot/steampipe-plugin-oci,https://avatars.githubusercontent.com/u/38218418?v=4,Subhajit97,5
turbot/steampipe-plugin-oci,https://avatars.githubusercontent.com/u/38211164?v=4,subham9418,1
turbot/steampipe-plugin-oci,https://avatars.githubusercontent.com/u/55080164?v=4,visiit,9
